Field Number,Year,Plant Species Name,Common name,Weight (g),Displacement Volume (mL),Processed by,Processing date,Entered by,Date entered,Audited by,Date audited
2023-LCS-NWA-080823-001A,2023,Ceratophyllum demersum,Coontail,514.8,520,J. Parker,1/3/2024,J. Parker,1/3/2024,R. Gaspardy,1/23/2024
2023-LCS-NWA-080823-001A,2023,Potamogeton pusillus,"Pondweed, slender",0.1,0,J. Parker,1/3/2024,J. Parker,1/3/2024,R. Gaspardy,1/23/2024
2023-LCS-NWA-080823-001A,2023,Elodea canadensis,Canada waterweed,13.7,14,J. Parker,1/3/2024,J. Parker,1/3/2024,R. Gaspardy,1/23/2024
2023-LCS-NWA-080823-001A,2023,Nymphaea sp.,"Water lily, white",13.9,16,J. Parker,1/3/2024,J. Parker,1/3/2024,R. Gaspardy,1/23/2024
2023-LCS-NWA-080823-002A,2023,Ceratophyllum demersum,Coontail,391.2,380,J. Parker,12/13/2023,J. Parker,1/3/2024,R. Gaspardy,1/23/2024
2023-LCS-NWA-080823-002A,2023,Elodea canadensis,Canada waterweed,0.8,0,J. Parker,12/13/2023,J. Parker,1/3/2024,R. Gaspardy,1/23/2024
2023-LCS-NWA-080823-003A,2023,Nymphaea sp.,"Water lily, white",165.3,180,J. Parker,1/2/2024,J. Parker,1/3/2024,R. Gaspardy,1/24/2024
2023-LCS-NWA-080823-003A,2023,Hydrocharis morsus-ranae,European frog-bit,2.7,4,J. Parker,1/2/2024,J. Parker,1/3/2024,R. Gaspardy,1/24/2024
2023-LCS-NWA-080823-003A,2023,Ceratophyllum demersum,Coontail,10.3,12,J. Parker,1/2/2024,J. Parker,1/3/2024,R. Gaspardy,1/24/2024
2023-LCS-NWA-080823-003A,2023,Myriophyllum spicatum,"Water milfoil, Eurasian",64.6,70,J. Parker,1/2/2024,J. Parker,1/3/2024,R. Gaspardy,1/24/2024
2023-LCS-NWA-080823-003A,2023,Utricularia sp.,Bladderwort sp.,28.5,30,J. Parker,1/2/2024,J. Parker,1/3/2024,R. Gaspardy,1/24/2024
2023-LCS-NWA-080823-003A,2023,Potamogeton pusillus,"Pondweed, slender",8.3,10,J. Parker,1/2/2024,J. Parker,1/3/2024,R. Gaspardy,1/24/2024
2023-LCS-NWA-080823-004A,2023,Ceratophyllum demersum,Coontail,17.2,18,J. Parker,12/22/2023,J. Parker,1/3/2024,R. Gaspardy,1/24/2024
2023-LCS-NWA-080823-004A,2023,Myriophyllum spicatum,"Water milfoil, Eurasian",31.4,40,J. Parker,12/22/2023,J. Parker,1/3/2024,R. Gaspardy,1/24/2024
2023-LCS-NWA-080823-004A,2023,Hydrocharis morsus-ranae,European frog-bit,21.1,24,J. Parker,12/22/2023,J. Parker,1/3/2024,R. Gaspardy,1/24/2024
2023-LCS-NWA-080823-004A,2023,Stuckenia pectinatus,"Pondweed, Sago",0.8,0,J. Parker,12/22/2023,J. Parker,1/3/2024,R. Gaspardy,1/24/2024
2023-LCS-NWA-080823-004A,2023,Elodea canadensis,Canada waterweed,3.9,4,J. Parker,12/22/2023,J. Parker,1/3/2024,R. Gaspardy,1/24/2024
2023-LCS-NWA-080823-005A,2023,Ceratophyllum demersum,Coontail,27,25,J. Parker,12/22/2023,J. Parker,1/3/2024,R. Gaspardy,1/24/2024
2023-LCS-NWA-080823-005A,2023,Utricularia sp.,Bladderwort sp.,0.1,0,J. Parker,12/22/2023,J. Parker,1/3/2024,R. Gaspardy,1/24/2024
2023-LCS-NWA-090823-001A,2023,Ceratophyllum demersum,Coontail,132.1,130,J. Parker,12/21/2023,J. Parker,1/4/2024,R. Gaspardy,1/24/2024
2023-LCS-NWA-090823-002A,2023,Utricularia sp.,Bladderwort sp.,13.5,14,J. Parker,12/21/2023,J. Parker,1/4/2024,R. Gaspardy,1/24/2024
2023-LCS-NWA-090823-002A,2023,Stuckenia pectinatus,"Pondweed, Sago",172.7,180,J. Parker,12/21/2023,J. Parker,1/4/2024,R. Gaspardy,1/24/2024
2023-LCS-NWA-090823-002A,2023,Myriophyllum spicatum,"Water milfoil, Eurasian",113.3,120,J. Parker,12/21/2023,J. Parker,1/4/2024,R. Gaspardy,1/24/2024
2023-LCS-NWA-090823-002A,2023,Ceratophyllum demersum,Coontail,23.9,25,J. Parker,12/21/2023,J. Parker,1/4/2024,R. Gaspardy,1/24/2024
2023-LCS-NWA-090823-002A,2023,Potamogeton pusillus,"Pondweed, slender",1.1,0,J. Parker,12/21/2023,J. Parker,1/4/2024,R. Gaspardy,1/24/2024
2023-LCS-NWA-090823-002A,2023,Lemna trisulca,"Duckweed, star",0.2,0,J. Parker,12/21/2023,J. Parker,1/4/2024,R. Gaspardy,1/24/2024
2023-LCS-NWA-090823-002A,2023,Najas sp.,Naiad sp.,27.2,28,J. Parker,12/21/2023,J. Parker,1/4/2024,R. Gaspardy,1/24/2024
2023-LCS-NWA-090823-003A,2023,Utricularia sp.,Bladderwort sp.,12,12,J. Parker,12/19/2023,J. Parker,1/4/2024,R. Gaspardy,1/24/2024
2023-LCS-NWA-090823-003A,2023,Lemna trisulca,"Duckweed, star",0.2,0,J. Parker,12/19/2023,J. Parker,1/4/2024,R. Gaspardy,1/24/2024
2023-LCS-NWA-090823-003A,2023,Potamogeton pusillus,"Pondweed, slender",8.5,8,J. Parker,12/19/2023,J. Parker,1/4/2024,R. Gaspardy,1/24/2024
2023-LCS-NWA-090823-003A,2023,Nymphaea sp.,"Water lily, white",143,160,J. Parker,12/19/2023,J. Parker,1/4/2024,R. Gaspardy,1/24/2024
2023-LCS-NWA-090823-003A,2023,Lemna sp.,Duckweed sp.,0,0,J. Parker,12/19/2023,J. Parker,1/4/2024,R. Gaspardy,1/24/2024
2023-LCS-NWA-090823-004A,2023,Ceratophyllum demersum,Coontail,188.5,190,J. Parker,12/14/2023,J. Parker,1/4/2024,R. Gaspardy,1/24/2024
2023-LCS-NWA-090823-004A,2023,Nymphaea sp.,"Water lily, white",1201.7,1250,J. Parker,12/14/2023,J. Parker,1/4/2024,R. Gaspardy,1/24/2024
2023-LCS-NWA-090823-005A,2023,Nymphaea sp.,"Water lily, white",117.8,140,J. Parker,12/18/2023,J. Parker,1/4/2024,R. Gaspardy,1/24/2024
2023-LCS-NWA-090823-005A,2023,Ceratophyllum demersum,Coontail,0.1,0,J. Parker,12/18/2023,J. Parker,1/4/2024,R. Gaspardy,1/24/2024
2023-LCS-NWA-090823-005A,2023,Hydrocharis morsus-ranae,European frog-bit,7.1,12,J. Parker,12/18/2023,J. Parker,1/4/2024,R. Gaspardy,1/24/2024
2023-LCS-NWA-090823-006A,2023,Ceratophyllum demersum,Coontail,139.7,140,J. Parker,1/2/2024,J. Parker,1/4/2024,R. Gaspardy,1/24/2024
2023-LCS-NWA-090823-006A,2023,Elodea canadensis,Canada waterweed,61,65,J. Parker,1/2/2024,J. Parker,1/4/2024,R. Gaspardy,1/24/2024
2023-LCS-NWA-090823-006A,2023,Potamogeton pusillus,"Pondweed, slender",10.4,12,J. Parker,1/2/2024,J. Parker,1/4/2024,R. Gaspardy,1/24/2024
2023-LCS-NWA-100823-001A,2023,Ceratophyllum demersum,Coontail,800,833,J. Parker,12/22/2023,J. Parker,1/4/2024,R. Gaspardy,1/24/2024
2023-LCS-NWA-100823-001A,2023,Nymphaea sp.,"Water lily, white",60.8,65,J. Parker,12/22/2023,J. Parker,1/4/2024,R. Gaspardy,1/24/2024
2023-LCS-NWA-100823-001A,2023,Hydrocharis morsus-ranae,European frog-bit,26.7,28,J. Parker,12/22/2023,J. Parker,1/4/2024,R. Gaspardy,1/24/2024
2023-LCS-NWA-100823-001A,2023,Lemna trisulca,"Duckweed, star",0.1,0,J. Parker,12/22/2023,J. Parker,1/4/2024,R. Gaspardy,1/24/2024
2023-LCS-NWA-100823-001A,2023,Potamogeton pusillus,"Pondweed, slender",11.3,12,J. Parker,12/22/2023,J. Parker,1/4/2024,R. Gaspardy,1/24/2024
2023-LCS-NWA-100823-002A,2023,Nymphaea sp.,"Water lily, white",227.2,255,J. Parker,12/22/2023,J. Parker,1/4/2024,R. Gaspardy,1/24/2024
2023-LCS-NWA-100823-002A,2023,Ceratophyllum demersum,Coontail,40.2,45,J. Parker,12/22/2023,J. Parker,1/4/2024,R. Gaspardy,1/24/2024
2023-LCS-NWA-100823-003A,2023,Nymphaea sp.,"Water lily, white",93.1,110,J. Parker,12/18/2023,J. Parker,1/4/2024,R. Gaspardy,1/24/2024
2023-LCS-NWA-100823-003A,2023,Ceratophyllum demersum,Coontail,29.2,32,J. Parker,12/18/2023,J. Parker,1/4/2024,R. Gaspardy,1/24/2024
2023-LCS-NWA-100823-004A,2023,Ceratophyllum demersum,Coontail,0.5,0,J. Parker,12/19/2023,J. Parker,1/4/2024,R. Gaspardy,1/24/2024
2023-LCS-NWA-100823-004A,2023,Myriophyllum spicatum,"Water milfoil, Eurasian",63.2,70,J. Parker,12/19/2023,J. Parker,1/4/2024,R. Gaspardy,1/24/2024
2023-LCS-NWA-100823-004A,2023,Utricularia sp.,Bladderwort sp.,24.5,30,J. Parker,12/19/2023,J. Parker,1/4/2024,R. Gaspardy,1/24/2024
2023-LCS-NWA-100823-004A,2023,Elodea canadensis,Canada waterweed,0.4,0,J. Parker,12/19/2023,J. Parker,1/4/2024,R. Gaspardy,1/24/2024
2023-LCS-NWA-100823-004A,2023,Algae,Algae,2.8,2,J. Parker,12/19/2023,J. Parker,1/4/2024,R. Gaspardy,1/24/2024
2023-LCS-NWA-100823-005A,2023,Myriophyllum spicatum,"Water milfoil, Eurasian",97.3,110,J. Parker,12/19/2023,J. Parker,1/4/2024,R. Gaspardy,1/24/2024
2023-LCS-NWA-100823-005A,2023,Hydrocharis morsus-ranae,European frog-bit,0.3,0,J. Parker,12/19/2023,J. Parker,1/4/2024,R. Gaspardy,1/24/2024
2023-LCS-NWA-100823-005A,2023,Elodea canadensis,Canada waterweed,1.1,2,J. Parker,12/19/2023,J. Parker,1/4/2024,R. Gaspardy,1/24/2024
2023-LCS-NWA-100823-005A,2023,Lemna trisulca,"Duckweed, star",0,0,J. Parker,12/19/2023,J. Parker,1/4/2024,R. Gaspardy,1/24/2024
2023-LCS-NWA-100823-005A,2023,Lemna sp.,Duckweed sp.,0,0,J. Parker,12/19/2023,J. Parker,1/4/2024,R. Gaspardy,1/24/2024
2023-LCS-NWA-100823-006A,2023,Chara sp.,Stonewort (Starry),287.1,290,J. Parker,1/2/2024,J. Parker,1/4/2024,R. Gaspardy,1/24/2024
2023-LCS-NWA-100823-006A,2023,Ceratophyllum demersum,Coontail,10.9,12,J. Parker,1/2/2024,J. Parker,1/4/2024,R. Gaspardy,1/24/2024
2023-LCS-NWA-100823-006A,2023,Nymphaea sp.,"Water lily, white",24.3,26,J. Parker,1/2/2024,J. Parker,1/4/2024,R. Gaspardy,1/24/2024
2023-LCS-NWA-140823-001A,2023,Nymphaea sp.,"Water lily, white",461.8,480,J. Parker,12/15/2023,J. Parker,1/4/2024,R. Gaspardy,1/24/2024
2023-LCS-NWA-140823-001A,2023,Hydrocharis morsus-ranae,European frog-bit,14.3,18,J. Parker,12/15/2023,J. Parker,1/4/2024,R. Gaspardy,1/24/2024
2023-LCS-NWA-140823-001A,2023,Ceratophyllum demersum,Coontail,522.8,520,J. Parker,12/15/2023,J. Parker,1/4/2024,R. Gaspardy,1/24/2024
2023-LCS-NWA-140823-001A,2023,Elodea canadensis,Canada waterweed,816.8,800,J. Parker,12/15/2023,J. Parker,1/4/2024,R. Gaspardy,1/24/2024
2023-LCS-NWA-140823-001A,2023,Potamogeton pusillus,"Pondweed, slender",30.5,30,J. Parker,12/15/2023,J. Parker,1/4/2024,R. Gaspardy,1/24/2024
2023-LCS-NWA-140823-002A,2023,Myriophyllum spicatum,"Water milfoil, Eurasian",0.9,2,J. Parker,missing,J. Parker,1/4/2024,R. Gaspardy,1/24/2024
2023-LCS-NWA-140823-002A,2023,Hydrocharis morsus-ranae,European frog-bit,30.8,40,J. Parker,missing,J. Parker,1/4/2024,R. Gaspardy,1/24/2024
2023-LCS-NWA-140823-002A,2023,Ceratophyllum demersum,Coontail,0.4,0,J. Parker,missing,J. Parker,1/4/2024,R. Gaspardy,1/24/2024
2023-LCS-NWA-140823-002A,2023,Lemna trisulca,"Duckweed, star",0.2,0,J. Parker,missing,J. Parker,1/4/2024,R. Gaspardy,1/24/2024
2023-LCS-NWA-140823-002A,2023,Nymphaea sp.,"Water lily, white",260.3,290,J. Parker,missing,J. Parker,1/4/2024,R. Gaspardy,1/24/2024
2023-LCS-NWA-140823-002A,2023,Potamogeton pusillus,"Pondweed, slender",0.1,0,J. Parker,missing,J. Parker,1/4/2024,R. Gaspardy,1/24/2024
2023-LCS-NWA-140823-002A,2023,Utricularia sp.,Bladderwort sp.,3.7,4,J. Parker,missing,J. Parker,1/4/2024,R. Gaspardy,1/24/2024
2023-LCS-NWA-140823-002A,2023,Elodea canadensis,Canada waterweed,0.1,0,J. Parker,missing,J. Parker,1/4/2024,R. Gaspardy,1/24/2024
2023-LCS-NWA-140823-003A,2023,Ceratophyllum demersum,Coontail,62.3,60,J. Parker,12/19/2023,J. Parker,1/4/2024,R. Gaspardy,1/24/2024
2023-LCS-NWA-140823-003A,2023,Potamogeton pusillus,"Pondweed, slender",3.7,4,J. Parker,12/19/2023,J. Parker,1/4/2024,R. Gaspardy,1/24/2024
2023-LCS-NWA-140823-003A,2023,Elodea canadensis,Canada waterweed,26.2,30,J. Parker,12/19/2023,J. Parker,1/4/2024,R. Gaspardy,1/24/2024
2023-LCS-NWA-140823-004A,2023,Chara sp.,Stonewort (Starry),62.1,65,J. Parker,1/3/2024,J. Parker,1/4/2024,R. Gaspardy,1/24/2024
2023-LCS-NWA-140823-004A,2023,Ceratophyllum demersum,Coontail,0.1,0,J. Parker,1/3/2024,J. Parker,1/4/2024,R. Gaspardy,1/24/2024
2023-LCS-NWA-140823-005A,2023,No Vegetation ,No Vegetation ,NA,NA,NA,NA,J. Parker,1/4/2024,R. Gaspardy,1/24/2024
2023-LCS-NWA-140823-006A,2023,Nymphaea sp.,"Water lily, white",15.1,18,J. Parker,12/18/2023,J. Parker,1/4/2024,R. Gaspardy,1/24/2024
2023-LCS-NWA-150823-001A,2023,Nymphaea sp.,"Water lily, white",78.5,100,J. Parker,12/21/2023,J. Parker,1/4/2024,R. Gaspardy,1/24/2024
2023-LCS-NWA-150823-002A,2023,Utricularia sp.,Bladderwort sp.,30.6,36,J. Parker,12/22/2023,J. Parker,1/4/2024,R. Gaspardy,1/24/2024
2023-LCS-NWA-150823-002A,2023,Nymphaea sp.,"Water lily, white",10.5,12,J. Parker,12/22/2023,J. Parker,1/4/2024,R. Gaspardy,1/24/2024
2023-LCS-NWA-150823-002A,2023,Ceratophyllum demersum,Coontail,0.3,0,J. Parker,12/22/2023,J. Parker,1/4/2024,R. Gaspardy,1/24/2024
2023-LCS-NWA-150823-003A,2023,Ceratophyllum demersum,Coontail,4.6,6,J. Parker,12/19/2023,J. Parker,1/4/2024,R. Gaspardy,1/24/2024
2023-LCS-NWA-150823-004A,2023,Ceratophyllum demersum,Coontail,5.3,6,J. Parker,12/19/2023,J. Parker,1/4/2024,R. Gaspardy,1/24/2024
2023-LCS-NWA-150823-004A,2023,Nymphaea sp.,"Water lily, white",179.6,230,J. Parker,12/19/2023,J. Parker,1/4/2024,R. Gaspardy,1/24/2024
2023-LCS-NWA-150823-004A,2023,Utricularia sp.,Bladderwort sp.,67.8,65,J. Parker,12/19/2023,J. Parker,1/4/2024,R. Gaspardy,1/24/2024
2023-LCS-NWA-150823-005A,2023,Nymphaea sp.,"Water lily, white",0.9,2,J. Parker,12/21/2023,J. Parker,1/4/2024,R. Gaspardy,1/24/2024
2023-LCS-NWA-150823-005A,2023,Utricularia sp.,Bladderwort sp.,12.9,15,J. Parker,12/21/2023,J. Parker,1/4/2024,R. Gaspardy,1/24/2024
2023-LCS-NWA-150823-006A,2023,Ceratophyllum demersum,Coontail,5.9,6,J. Parker,12/18/2023,J. Parker,1/4/2024,R. Gaspardy,1/24/2024
2023-LCS-NWA-150823-006A,2023,Nymphaea sp.,"Water lily, white",0.8,0,J. Parker,12/18/2023,J. Parker,1/4/2024,R. Gaspardy,1/24/2024
2023-LCS-NWA-160823-001A,2023,Nymphaea sp.,"Water lily, white",191.7,230,J. Parker,12/18/2023,J. Parker,1/4/2024,R. Gaspardy,1/24/2024
2023-LCS-NWA-160823-001A,2023,Ceratophyllum demersum,Coontail,52.8,55,J. Parker,12/18/2023,J. Parker,1/4/2024,R. Gaspardy,1/24/2024
2023-LCS-NWA-160823-002A,2023,Ceratophyllum demersum,Coontail,29.6,30,J. Parker,12/21/2023,J. Parker,1/4/2024,R. Gaspardy,1/24/2024
2023-LCS-NWA-160823-002A,2023,Utricularia sp.,Bladderwort sp.,46.7,48,J. Parker,12/21/2023,J. Parker,1/4/2024,R. Gaspardy,1/24/2024
2023-LCS-NWA-160823-002A,2023,Stuckenia pectinatus,"Pondweed, Sago",10.9,12,J. Parker,12/21/2023,J. Parker,1/4/2024,R. Gaspardy,1/24/2024
2023-LCS-NWA-160823-003A,2023,Nymphaea sp.,"Water lily, white",60.5,80,J. Parker,12/18/2023,J. Parker,1/4/2024,R. Gaspardy,1/24/2024
2023-LCS-NWA-160823-003A,2023,Ceratophyllum demersum,Coontail,0.8,2,J. Parker,12/18/2023,J. Parker,1/4/2024,R. Gaspardy,1/24/2024
2023-LCS-NWA-160823-004A,2023,Ceratophyllum demersum,Coontail,196.8,200,J. Parker,12/19/2023,J. Parker,1/4/2024,R. Gaspardy,1/24/2024
2023-LCS-NWA-160823-004A,2023,Elodea canadensis,Canada waterweed,9.2,8,J. Parker,12/19/2023,J. Parker,1/4/2024,R. Gaspardy,1/24/2024
2023-LCS-NWA-160823-005A,2023,Ceratophyllum demersum,Coontail,301.1,300,J. Parker,1/3/2024,J. Parker,1/4/2024,R. Gaspardy,1/24/2024
2023-LCS-NWA-160823-005A,2023,Elodea canadensis,Canada waterweed,34.8,40,J. Parker,1/3/2024,J. Parker,1/4/2024,R. Gaspardy,1/24/2024
2023-LCS-NWA-160823-005A,2023,Potamogeton pusillus,"Pondweed, slender",8.4,10,J. Parker,1/3/2024,J. Parker,1/4/2024,R. Gaspardy,1/24/2024
2023-LCS-NWA-160823-005A,2023,Hydrocharis morsus-ranae,European frog-bit,11.2,12,J. Parker,1/3/2024,J. Parker,1/4/2024,R. Gaspardy,1/24/2024
2023-LCS-NWA-160823-005A,2023,Lemna trisulca,"Duckweed, star",0,0,J. Parker,1/3/2024,J. Parker,1/4/2024,R. Gaspardy,1/24/2024
2023-LCS-NWA-160823-005A,2023,Lemna sp.,Duckweed sp.,0,0,J. Parker,1/3/2024,J. Parker,1/4/2024,R. Gaspardy,1/24/2024
2023-LCS-NWA-160823-006A,2023,Hydrocharis morsus-ranae,European frog-bit,0.2,0,J. Parker,missing,J. Parker,1/4/2024,R. Gaspardy,1/24/2024
2023-LCS-NWA-160823-006A,2023,Algae,Algae,38.3,38,J. Parker,missing,J. Parker,1/4/2024,R. Gaspardy,1/24/2024
2023-LCS-NWA-210823-001A,2023,Utricularia sp.,Bladderwort sp.,35.6,55,J. Parker,12/19/2023,J. Parker,1/4/2024,R. Gaspardy,1/23/2024
2023-LCS-NWA-210823-001A,2023,Ceratophyllum demersum,Coontail,63.5,70,J. Parker,12/19/2023,J. Parker,1/4/2024,R. Gaspardy,1/23/2024
2023-LCS-NWA-210823-001A,2023,Lemna sp.,Duckweed sp.,0,0,J. Parker,12/19/2023,J. Parker,1/4/2024,R. Gaspardy,1/23/2024
2023-LCS-NWA-210823-001A,2023,Lemna trisulca,"Duckweed, star",0.4,2,J. Parker,12/19/2023,J. Parker,1/4/2024,R. Gaspardy,1/23/2024
2023-LCS-NWA-210823-001A,2023,Hydrocharis morsus-ranae,European frog-bit,7.3,8,J. Parker,12/19/2023,J. Parker,1/4/2024,R. Gaspardy,1/23/2024
2023-LCS-NWA-210823-001A,2023,Potamogeton pusillus,"Pondweed, slender",0.2,0,J. Parker,12/19/2023,J. Parker,1/4/2024,R. Gaspardy,1/23/2024
2023-LCS-NWA-210823-001A,2023,Nymphaea sp.,"Water lily, white",109.5,120,J. Parker,12/19/2023,J. Parker,1/4/2024,R. Gaspardy,1/23/2024
2023-LCS-NWA-210823-002A,2023,Ceratophyllum demersum,Coontail,131.3,130,J. Parker,1/24/2024,J. Parker,1/4/2024,R. Gaspardy,1/23/2024
2023-LCS-NWA-210823-002A,2023,Elodea canadensis,Canada waterweed,208.4,210,J. Parker,1/24/2024,J. Parker,1/4/2024,R. Gaspardy,1/23/2024
2023-LCS-NWA-210823-002A,2023,Hydrocharis morsus-ranae,European frog-bit,175.8,200,J. Parker,1/24/2024,J. Parker,1/4/2024,R. Gaspardy,1/23/2024
2023-LCS-NWA-210823-003A,2023,Nymphaea sp.,"Water lily, white",288.3,330,J. Parker,12/19/2023,J. Parker,1/4/2024,R. Gaspardy,1/23/2024
2023-LCS-NWA-210823-003A,2023,Ceratophyllum demersum,Coontail,0.8,0,J. Parker,12/19/2023,J. Parker,1/4/2024,R. Gaspardy,1/23/2024
2023-LCS-NWA-210823-003A,2023,Elodea canadensis,Canada waterweed,2.1,4,J. Parker,12/19/2023,J. Parker,1/4/2024,R. Gaspardy,1/23/2024
2023-LCS-NWA-210823-003A,2023,Utricularia sp.,Bladderwort sp.,22,25,J. Parker,12/19/2023,J. Parker,1/4/2024,R. Gaspardy,1/23/2024
2023-LCS-NWA-210823-003A,2023,Hydrocharis morsus-ranae,European frog-bit,1.8,2,J. Parker,12/19/2023,J. Parker,1/4/2024,R. Gaspardy,1/23/2024
2023-LCS-NWA-210823-004A,2023,Nymphaea sp.,"Water lily, white",52,60,J. Parker,12/18/2023,J. Parker,1/4/2024,R. Gaspardy,1/23/2024
2023-LCS-NWA-210823-004A,2023,Lemna sp.,Duckweed sp.,0,0,J. Parker,12/18/2023,J. Parker,1/4/2024,R. Gaspardy,1/23/2024
2023-LCS-NWA-210823-005A,2023,Nymphaea sp.,"Water lily, white",33.3,36,J. Parker,12/21/2023,J. Parker,1/4/2024,R. Gaspardy,1/23/2024
2023-LCS-NWA-210823-005A,2023,Hydrocharis morsus-ranae,European frog-bit,23.9,30,J. Parker,12/21/2023,J. Parker,1/4/2024,R. Gaspardy,1/23/2024
2023-LCS-NWA-210823-005A,2023,Lemna trisulca,"Duckweed, star",0.7,0,J. Parker,12/21/2023,J. Parker,1/4/2024,R. Gaspardy,1/23/2024
2023-LCS-NWA-210823-005A,2023,Elodea canadensis,Canada waterweed,55.9,60,J. Parker,12/21/2023,J. Parker,1/4/2024,R. Gaspardy,1/23/2024
2023-LCS-NWA-210823-005A,2023,Ceratophyllum demersum,Coontail,78.7,80,J. Parker,12/21/2023,J. Parker,1/4/2024,R. Gaspardy,1/23/2024
2023-LCS-NWA-210823-005A,2023,Utricularia sp.,Bladderwort sp.,9.1,10,J. Parker,12/21/2023,J. Parker,1/4/2024,R. Gaspardy,1/23/2024
2023-LCS-NWA-210823-006A,2023,Lemna trisulca,"Duckweed, star",1.1,0,J. Parker,1/3/2024,J. Parker,1/4/2024,R. Gaspardy,1/23/2024
2023-LCS-NWA-210823-006A,2023,Hydrocharis morsus-ranae,European frog-bit,22,26,J. Parker,1/3/2024,J. Parker,1/4/2024,R. Gaspardy,1/23/2024
2023-LCS-NWA-210823-006A,2023,Potamogeton pusillus,"Pondweed, slender",1.2,0,J. Parker,1/3/2024,J. Parker,1/4/2024,R. Gaspardy,1/23/2024
2023-LCS-NWA-210823-006A,2023,Ceratophyllum demersum,Coontail,1.5,2,J. Parker,1/3/2024,J. Parker,1/4/2024,R. Gaspardy,1/23/2024
2023-LCS-NWA-210823-006A,2023,Utricularia sp.,Bladderwort sp.,95.4,100,J. Parker,1/3/2024,J. Parker,1/4/2024,R. Gaspardy,1/23/2024
2023-LCS-NWA-210823-006A,2023,Nymphaea sp.,"Water lily, white",317.6,360,J. Parker,1/3/2024,J. Parker,1/4/2024,R. Gaspardy,1/23/2024
2023-LCS-NWA-210823-006A,2023,Lemna sp.,Duckweed sp.,0,0,J. Parker,1/3/2024,J. Parker,1/4/2024,R. Gaspardy,1/23/2024
2023-LCS-NWA-220823-001A,2023,Ceratophyllum demersum,Coontail,7,8,J. Parker,12/22/2023,J. Parker,1/4/2024,R. Gaspardy,1/23/2024
2023-LCS-NWA-220823-001A,2023,Utricularia sp.,Bladderwort sp.,39.9,45,J. Parker,12/22/2023,J. Parker,1/4/2024,R. Gaspardy,1/23/2024
2023-LCS-NWA-220823-001A,2023,Hydrocharis morsus-ranae,European frog-bit,8.8,10,J. Parker,12/22/2023,J. Parker,1/4/2024,R. Gaspardy,1/23/2024
2023-LCS-NWA-220823-001A,2023,Nymphaea sp.,"Water lily, white",162.9,200,J. Parker,12/22/2023,J. Parker,1/4/2024,R. Gaspardy,1/23/2024
2023-LCS-NWA-220823-001A,2023,Lemna trisulca,"Duckweed, star",20.9,22,J. Parker,12/22/2023,J. Parker,1/4/2024,R. Gaspardy,1/23/2024
2023-LCS-NWA-220823-001A,2023,Lemna sp.,Duckweed sp.,0,0,J. Parker,12/22/2023,J. Parker,1/4/2024,R. Gaspardy,1/23/2024
2023-LCS-NWA-220823-002A,2023,Utricularia sp.,Bladderwort sp.,6.8,10,J. Parker,12/19/2023,J. Parker,1/4/2024,R. Gaspardy,1/23/2024
2023-LCS-NWA-220823-002A,2023,Ceratophyllum demersum,Coontail,4.7,4,J. Parker,12/19/2023,J. Parker,1/4/2024,R. Gaspardy,1/23/2024
2023-LCS-NWA-220823-002A,2023,Nymphaea sp.,"Water lily, white",36,40,J. Parker,12/19/2023,J. Parker,1/4/2024,R. Gaspardy,1/23/2024
2023-LCS-NWA-220823-003A,2023,Nelumbo lutea,"Lotus, American",79.3,100,J. Parker,12/22/2023,J. Parker,1/4/2024,R. Gaspardy,1/23/2024
2023-LCS-NWA-220823-003A,2023,Ceratophyllum demersum,Coontail,3.9,6,J. Parker,12/22/2023,J. Parker,1/4/2024,R. Gaspardy,1/23/2024
2023-LCS-NWA-220823-003A,2023,Lemna sp.,Duckweed sp.,0,0,J. Parker,12/22/2023,J. Parker,1/4/2024,R. Gaspardy,1/23/2024
2023-LCS-NWA-220823-004A,2023,No Vegetation ,No Vegetation ,NA,NA,NA,NA,J. Parker,1/4/2024,R. Gaspardy,1/23/2024
2023-LCS-NWA-220823-005A,2023,Ceratophyllum demersum,Coontail,19.9,20,J. Parker,12/21/2023,J. Parker,1/4/2024,R. Gaspardy,1/23/2024
2023-LCS-NWA-220823-005A,2023,Utricularia sp.,Bladderwort sp.,7,8,J. Parker,12/21/2023,J. Parker,1/4/2024,R. Gaspardy,1/23/2024
2023-LCS-NWA-220823-005A,2023,Hydrocharis morsus-ranae,European frog-bit,57.1,70,J. Parker,12/21/2023,J. Parker,1/4/2024,R. Gaspardy,1/23/2024
2023-LCS-NWA-220823-005A,2023,Nymphaea sp.,"Water lily, white",35.9,35,J. Parker,12/21/2023,J. Parker,1/4/2024,R. Gaspardy,1/23/2024
2023-LCS-NWA-220823-005A,2023,Lemna sp.,Duckweed sp.,0,0,J. Parker,12/21/2023,J. Parker,1/4/2024,R. Gaspardy,1/23/2024
2023-LCS-NWA-220823-006A,2023,Hydrocharis morsus-ranae,European frog-bit,21.7,25,J. Parker,12/18/2023,J. Parker,1/4/2024,R. Gaspardy,1/23/2024
2023-LCS-NWA-220823-006A,2023,Ceratophyllum demersum,Coontail,13.7,24,J. Parker,12/18/2023,J. Parker,1/4/2024,R. Gaspardy,1/23/2024
2023-LCS-NWA-220823-006A,2023,Lemna sp.,Duckweed sp.,0,0,J. Parker,12/18/2023,J. Parker,1/4/2024,R. Gaspardy,1/23/2024
2023-LCS-NWA-240823-001A,2023,Nymphaea sp.,"Water lily, white",14.8,20,J. Parker,12/19/2023,J. Parker,1/4/2024,R. Gaspardy,1/23/2024
2023-LCS-NWA-240823-001A,2023,Ceratophyllum demersum,Coontail,0.5,2,J. Parker,12/19/2023,J. Parker,1/4/2024,R. Gaspardy,1/23/2024
2023-LCS-NWA-240823-001A,2023,Lemna trisulca,"Duckweed, star",0.1,0,J. Parker,12/19/2023,J. Parker,1/4/2024,R. Gaspardy,1/23/2024
2023-LCS-NWA-240823-001A,2023,Lemna sp.,Duckweed sp.,0,0,J. Parker,12/19/2023,J. Parker,1/4/2024,R. Gaspardy,1/23/2024
2023-LCS-NWA-240823-002A,2023,Ceratophyllum demersum,Coontail,1,2,J. Parker,12/13/2023,J. Parker,1/4/2024,R. Gaspardy,1/23/2024
2023-LCS-NWA-240823-003A,2023,Nymphaea sp.,"Water lily, white",178.3,200,J. Parker,12/13/2023,J. Parker,1/4/2024,R. Gaspardy,1/23/2024
2023-LCS-NWA-240823-003A,2023,Hydrocharis morsus-ranae,European frog-bit,28.6,35,J. Parker,12/13/2023,J. Parker,1/4/2024,R. Gaspardy,1/23/2024
2023-LCS-NWA-240823-003A,2023,Ceratophyllum demersum,Coontail,11.4,14,J. Parker,12/13/2023,J. Parker,1/4/2024,R. Gaspardy,1/23/2024
2023-LCS-NWA-240823-003A,2023,Lemna sp.,Duckweed sp.,0,0,J. Parker,12/13/2023,J. Parker,1/4/2024,R. Gaspardy,1/23/2024
2023-LCS-NWA-240823-004A,2023,Nymphaea sp.,White water lily,-,-,J. Parker,12/13/2023,R. Gaspardy,1/23/2024,R. Gaspardy,1/23/2024
2023-LCS-NWA-240823-004A,2023,Ceratophyllum demersum,Coontail,-,-,J. Parker,12/13/2023,R. Gaspardy,1/23/2024,R. Gaspardy,1/23/2024
2023-LCS-NWA-240823-004A,2023,Elodea canadensis,Canada waterweed,-,-,J. Parker,12/13/2023,R. Gaspardy,1/23/2024,R. Gaspardy,1/23/2024
2023-LCS-NWA-240823-005A,2023,Ceratophyllum demersum,Coontail,14.7,18,J. Parker,12/19/2023,J. Parker,1/4/2024,R. Gaspardy,1/23/2024
2023-LCS-NWA-240823-005A,2023,Lemna sp.,Duckweed sp.,0,0,J. Parker,12/19/2023,J. Parker,1/4/2024,R. Gaspardy,1/23/2024
2023-LCS-NWA-240823-006A,2023,No Vegetation ,No Vegetation ,NA,NA,NA,NA,J. Parker,1/4/2024,R. Gaspardy,1/23/2024
2023-LCS-NWA-280823-001A,2023,Nymphaea sp.,"Water lily, white",32.8,36,J. Parker,12/18/2023,J. Parker,1/4/2024,R. Gaspardy,1/23/2024
2023-LCS-NWA-280823-002A,2023,Ceratophyllum demersum,Coontail,3.5,4,J. Parker,12/19/2023,J. Parker,1/4/2024,R. Gaspardy,1/23/2024
2023-LCS-NWA-280823-003A,2023,Ceratophyllum demersum,Coontail,0.2,0,J. Parker,12/18/2023,J. Parker,1/4/2024,R. Gaspardy,1/23/2024
2023-LCS-NWA-280823-004A,2023,Nymphaea sp.,"Water lily, white",88.4,100,J. Parker,1/2/2024,J. Parker,1/4/2024,R. Gaspardy,1/23/2024
2023-LCS-NWA-280823-004A,2023,Hydrocharis morsus-ranae,European frog-bit,0.7,0,J. Parker,1/2/2024,J. Parker,1/4/2024,R. Gaspardy,1/23/2024
2023-LCS-NWA-280823-004A,2023,Ceratophyllum demersum,Coontail,8.9,16,J. Parker,1/2/2024,J. Parker,1/4/2024,R. Gaspardy,1/23/2024
2023-LCS-NWA-280823-004A,2023,Lemna trisulca,"Duckweed, star",0.3,0,J. Parker,1/2/2024,J. Parker,1/4/2024,R. Gaspardy,1/23/2024
2023-LCS-NWA-280823-004A,2023,Utricularia sp.,Bladderwort sp.,8.1,8,J. Parker,1/2/2024,J. Parker,1/4/2024,R. Gaspardy,1/23/2024
2023-LCS-NWA-280823-005A,2023,Nymphaea sp.,"Water lily, white",170.4,230,J. Parker,12/19/2023,J. Parker,1/4/2024,R. Gaspardy,1/23/2024
2023-LCS-NWA-280823-006A,2023,No Vegetation ,No Vegetation ,NA,NA,NA,NA,J. Parker,1/4/2024,R. Gaspardy,1/23/2024
2023-LCS-NWA-290823-001A,2023,No Vegetation ,No Vegetation ,NA,NA,NA,NA,J. Parker,1/4/2024,R. Gaspardy,1/23/2024
2023-LCS-NWA-290823-002A,2023,Ceratophyllum demersum,Coontail,3.9,6,J. Parker,12/18/2023,J. Parker,1/4/2024,R. Gaspardy,1/23/2024
2023-LCS-NWA-290823-002A,2023,Nymphaea sp.,"Water lily, white",43.4,50,J. Parker,12/18/2023,J. Parker,1/4/2024,R. Gaspardy,1/23/2024
2023-LCS-NWA-290823-002A,2023,Lemna sp.,Duckweed sp.,0,0,J. Parker,12/18/2023,J. Parker,1/4/2024,R. Gaspardy,1/23/2024
2023-LCS-NWA-290823-003A,2023,No Vegetation ,No Vegetation ,NA,NA,NA,NA,J. Parker,1/4/2024,R. Gaspardy,1/23/2024
2023-LCS-NWA-290823-004A,2023,Ceratophyllum demersum,Coontail,16.5,16,J. Parker,12/18/2023,J. Parker,1/4/2024,R. Gaspardy,1/23/2024
2023-LCS-NWA-290823-005A,2023,Nymphaea sp.,"Water lily, white",204.4,250,J. Parker,12/19/2023,J. Parker,1/4/2024,R. Gaspardy,1/23/2024
2023-LCS-NWA-290823-006A,2023,Ceratophyllum demersum,Coontail,80.2,80,J. Parker,12/21/2023,J. Parker,1/4/2024,R. Gaspardy,1/23/2024
2023-LCS-NWA-290823-006A,2023,Nymphaea sp.,"Water lily, white",74.2,75,J. Parker,12/21/2023,J. Parker,1/4/2024,R. Gaspardy,1/23/2024
2023-LCS-NWA-290823-006A,2023,Hydrocharis morsus-ranae,European frog-bit,1,0,J. Parker,12/21/2023,J. Parker,1/4/2024,R. Gaspardy,1/23/2024
2023-LCS-NWA-290823-006A,2023,Potamogeton pusillus,"Pondweed, slender",0.7,0,J. Parker,12/21/2023,J. Parker,1/4/2024,R. Gaspardy,1/23/2024
2023-LCS-NWA-290823-006A,2023,Utricularia sp.,Bladderwort sp.,135,130,J. Parker,12/21/2023,J. Parker,1/4/2024,R. Gaspardy,1/23/2024
2023-LCS-NWA-300823-001A,2023,Ceratophyllum demersum,Coontail,26.2,30,J. Parker,1/2/2024,J. Parker,1/4/2024,R. Gaspardy,1/23/2024
2023-LCS-NWA-300823-001A,2023,Lemna trisulca,"Duckweed, star",7.3,6,J. Parker,1/2/2024,J. Parker,1/4/2024,R. Gaspardy,1/23/2024
2023-LCS-NWA-300823-001A,2023,Hydrocharis morsus-ranae,European frog-bit,49.9,60,J. Parker,1/2/2024,J. Parker,1/4/2024,R. Gaspardy,1/23/2024
2023-LCS-NWA-300823-001A,2023,Nymphaea sp.,"Water lily, white",270.6,330,J. Parker,1/2/2024,J. Parker,1/4/2024,R. Gaspardy,1/23/2024
2023-LCS-NWA-300823-002A,2023,Ceratophyllum demersum,Coontail,2,2,J. Parker,1/2/2024,J. Parker,1/4/2024,R. Gaspardy,1/23/2024
2023-LCS-NWA-300823-002A,2023,Nymphaea sp.,"Water lily, white",98.5,110,J. Parker,1/2/2024,J. Parker,1/4/2024,R. Gaspardy,1/23/2024
2023-LCS-NWA-300823-002A,2023,Hydrocharis morsus-ranae,European frog-bit,321.7,400,J. Parker,1/2/2024,J. Parker,1/4/2024,R. Gaspardy,1/23/2024
2023-LCS-NWA-300823-003A,2023,Ceratophyllum demersum,Coontail,18.4,20,J. Parker,1/2/2024,J. Parker,1/4/2024,R. Gaspardy,1/23/2024
2023-LCS-NWA-300823-003A,2023,Stuckenia pectinatus,"Pondweed, Sago",33.5,35,J. Parker,1/2/2024,J. Parker,1/4/2024,R. Gaspardy,1/23/2024
2023-LCS-NWA-300823-003A,2023,Lemna trisulca,"Duckweed, star",10.1,12,J. Parker,1/2/2024,J. Parker,1/4/2024,R. Gaspardy,1/23/2024
2023-LCS-NWA-300823-003A,2023,Utricularia sp.,Bladderwort sp.,107,105,J. Parker,1/2/2024,J. Parker,1/4/2024,R. Gaspardy,1/23/2024
2023-LCS-NWA-300823-004A,2023,Lemna trisulca,"Duckweed, star",1.1,0,J. Parker,1/2/2024,J. Parker,1/4/2024,R. Gaspardy,1/23/2024
2023-LCS-NWA-300823-004A,2023,Nymphaea sp.,"Water lily, white",3.2,4,J. Parker,1/2/2024,J. Parker,1/4/2024,R. Gaspardy,1/23/2024
2023-LCS-NWA-300823-004A,2023,Ceratophyllum demersum,Coontail,22.6,26,J. Parker,1/2/2024,J. Parker,1/4/2024,R. Gaspardy,1/23/2024
2023-LCS-NWA-300823-004A,2023,Potamogeton pusillus,"Pondweed, slender",10.6,12,J. Parker,1/2/2024,J. Parker,1/4/2024,R. Gaspardy,1/23/2024
2023-LCS-NWA-300823-004A,2023,Nelumbo lutea,"Lotus, American",329.8,380,J. Parker,1/2/2024,J. Parker,1/4/2024,R. Gaspardy,1/23/2024
2023-LCS-NWA-300823-005A,2023,Nelumbo lutea,"Lotus, American",16.7,26,J. Parker,1/2/2024,J. Parker,1/4/2024,R. Gaspardy,1/23/2024
2023-LCS-NWA-300823-005A,2023,Ceratophyllum demersum,Coontail,225,230,J. Parker,1/2/2024,J. Parker,1/4/2024,R. Gaspardy,1/23/2024
2023-LCS-NWA-300823-005A,2023,Nymphaea sp.,"Water lily, white",52.5,55,J. Parker,1/2/2024,J. Parker,1/4/2024,R. Gaspardy,1/23/2024
2023-LCS-NWA-300823-005A,2023,Lemna trisulca,"Duckweed, star",0,0,J. Parker,1/2/2024,J. Parker,1/4/2024,R. Gaspardy,1/23/2024
2023-LCS-NWA-300823-005A,2023,Lemna sp.,Duckweed sp.,0,0,J. Parker,1/2/2024,J. Parker,1/4/2024,R. Gaspardy,1/23/2024
2023-LCS-NWA-300823-006A,2023,Nelumbo lutea,"Lotus, American",28.1,40,J. Parker,12/18/2023,J. Parker,1/4/2024,R. Gaspardy,1/23/2024
2023-LCS-NWA-300823-006A,2023,Ceratophyllum demersum,Coontail,2.4,0,J. Parker,12/18/2023,J. Parker,1/4/2024,R. Gaspardy,1/23/2024
